<?xml version="1.0" encoding="UTF-8"?>
<project-private xmlns="http://www.netbeans.org/ns/project-private/1">
    <editor-bookmarks xmlns="http://www.netbeans.org/ns/editor-bookmarks/2" lastBookmarkId="0"/>
    <open-files xmlns="http://www.netbeans.org/ns/projectui-open-files/2">
        <group>
            <file>file:/Y:/Jan27_NewEnemies/BulletBox/src/finalproject/Skeleton.java</file>
            <file>file:/Y:/Jan27_NewEnemies/BulletBox/src/finalproject/Player.java</file>
            <file>file:/Y:/Jan27_NewEnemies/BulletBox/src/finalproject/BulletBox.java</file>
            <file>file:/Y:/Jan27_NewEnemies/BulletBox/src/finalproject/Board.java</file>
            <file>file:/Y:/Jan27_NewEnemies/BulletBox/src/finalproject/Slime.java</file>
            <file>file:/Y:/Jan27_NewEnemies/BulletBox/src/finalproject/level2.txt</file>
            <file>file:/Y:/Jan27_NewEnemies/BulletBox/src/finalproject/level3.txt</file>
            <file>file:/Y:/Jan27_NewEnemies/BulletBox/src/finalproject/level1.txt</file>
            <file>file:/Y:/Jan27_NewEnemies/BulletBox/src/finalproject/Dragon.java</file>
            <file>file:/Y:/Jan27_NewEnemies/BulletBox/src/finalproject/Level.java</file>
            <file>file:/Y:/Jan27_NewEnemies/BulletBox/src/finalproject/level0.txt</file>
        </group>
    </open-files>
</project-private>
