<?xml version="1.0" encoding="UTF-8"?>
<project-private xmlns="http://www.netbeans.org/ns/project-private/1">
    <editor-bookmarks xmlns="http://www.netbeans.org/ns/editor-bookmarks/2" lastBookmarkId="0"/>
    <open-files xmlns="http://www.netbeans.org/ns/projectui-open-files/2">
        <group>
            <file>file:/C:/Users/smith/Downloads/Jan27_NewEnemies%20(2)/Jan27_NewEnemies/BulletBox/src/finalproject/WinWindow.java</file>
            <file>file:/C:/Users/smith/Downloads/Jan27_NewEnemies%20(2)/Jan27_NewEnemies/BulletBox/src/finalproject/Game.java</file>
            <file>file:/C:/Users/smith/Downloads/Jan27_NewEnemies%20(2)/Jan27_NewEnemies/BulletBox/src/finalproject/Projectile.java</file>
            <file>file:/C:/Users/smith/Downloads/Jan27_NewEnemies%20(2)/Jan27_NewEnemies/BulletBox/src/finalproject/SaveData.java</file>
            <file>file:/C:/Users/smith/Downloads/Jan27_NewEnemies%20(2)/Jan27_NewEnemies/BulletBox/src/finalproject/DeathWindow.java</file>
            <file>file:/C:/Users/smith/Downloads/Jan27_NewEnemies%20(2)/Jan27_NewEnemies/BulletBox/src/finalproject/SpriteSheet.java</file>
        </group>
    </open-files>
</project-private>
